Slovensko ime,Znanstveno ime,Užitnost,Čas rasti,Temp. prag (zrak),Mikorizni partner,Tip rastišča (Prehranjevanje),Tip tal (pH vrednost),Nevarnost zamenjave (Dvojnice),Vonj in okus,Sprememba barve mesa ob poškodbi,Shranjevanje in priprava,Višinski pas in značilna območja,Pogostost v Zgornji savinjski,Geološki mikro-teren (Zg. Savinjska),"Minimalna kumulativna vlaga (7 dni, mm)",Optimalni temperaturni pas (°C),Vpliv vetra/izsušitve,Gobarski indeks (Izračun),Indeks,Vir podatkov
Velika mokovka,Clitopilus prunulus,Pogojno užitna,Jul – Okt,12 – 20 °C,,"Razkrajalka; v tleh v listnatih in mešanih gozdovih, ob gozdnih robovih",Nevtralna do bazična tla,Bela livka (Clitocybe dealbata) in sorodne bele livke – smrtno nevarne zaradi muskarina; mokovka ima rožnate lističe in močan vonj po moki.,,,,Nižine in sredogorje,Pogosta v listnatih gozdovih po vsej Sloveniji.,Apnenčasti gozdni robovi,20-30,12-20,,,ne,GBIF (pojavljanje v Sloveniji) + strokovna literatura; ni terensko preverjeno
Navadna pokovka,Scleroderma citrinum,Strupena,Jul – Okt,14 – 22 °C,"Hrast, bukev, breza","Mikoriza; v tleh na kislih, peščenih in revnih tleh, pogosto ob poteh","Kisla, peščena tla","Mlade prašnice in gomoljike – pokovka ima trdo, belo lupino in črno-vijoličasto notranjost že v mladosti.",,,,Vse višine,Zelo pogosta na kislih tleh po vsej dolini.,Kisla silikatna tla Smrekovca,20-30,14-22,,,ne,GBIF (pojavljanje v Sloveniji) + strokovna literatura; ni terensko preverjeno
Xerocomus subtomentosus,Xerocomus subtomentosus,Užitna,Jun – Okt,14 – 22 °C,"Bukev, hrast, smreka","Mikoriza; v tleh v listnatih in mešanih gozdovih, pogosto v mahu",Kisla do nevtralna tla,"Drugi manjši gobani rodu Xerocomus – vsi neškodljivi, a slabše kakovosti.",,,,Vse višine,Pogost v mešanih gozdovih doline.,Kisla in nevtralna tla,20-30,14-22,,,da,GBIF (pojavljanje v Sloveniji) + strokovna literatura; ni terensko preverjeno
Opečnata žveplenjača,Hypholoma lateritium,Pogojno užitna,Sep – Nov,8 – 16 °C,,Razkraja les; raste v gostih šopih na štorih in koreninah listavcev,Nevtralna tla,"Navadna žveplenjača (Hypholoma fasciculare) – strupena, grenka, z žveplenorumenimi lističi.",,,,Nižine in sredogorje,Pogosta na štorih listavcev.,Vlažni gozdni robovi,20-30,8-16,,,ne,GBIF (pojavljanje v Sloveniji) + strokovna literatura; ni terensko preverjeno
Mesnordeča bledivka,Laccaria laccata,Užitna,Jul – Nov,10 – 18 °C,"Smreka, bukev, breza","Mikoriza; v tleh, pogosto v mahu in ob gozdnih poteh",Kisla tla,Vijoličasta bledivka (Laccaria amethystina) – prav tako užitna. Mlade rdečelistke – pozor na rožnate lističe.,,,,Vse višine,"Zelo pogosta povsod, a drobna in malo mesnata.",Kisla silikatna tla,20-30,10-18,,,ne,GBIF (pojavljanje v Sloveniji) + strokovna literatura; ni terensko preverjeno
Megacollybia platyphylla,Megacollybia platyphylla,Neužitna,Maj – Okt,12 – 20 °C,,Razkraja les; raste na zakopanem lesu in trhlih štorih listavcev,Nevtralna tla,,,,,Nižine in sredogorje,Pogosta v bukovih gozdovih.,Vlažni bukovi gozdovi,20-30,12-20,,,ne,GBIF (pojavljanje v Sloveniji) + strokovna literatura; ni terensko preverjeno
Tricholomopsis rutilans,Tricholomopsis rutilans,Neužitna,Jul – Nov,10 – 18 °C,,Razkraja les; raste na štorih in ostankih iglavcev,Kisla tla,"Zelenkasta kolobarnica (Tricholoma equestre) – pozor, ta je bila vzrok zastrupitev; rutilans ima rdeče luske na rumeni podlagi.",,,,Sredogorje in gorske lege,Pogosta na smrekovih štorih.,Kisla silikatna tla iglastih gozdov,20-30,10-18,,,ne,GBIF (pojavljanje v Sloveniji) + strokovna literatura; ni terensko preverjeno
Robata kresilača,Fomitopsis pinicola,Neužitna,Celotno leto,0 – 20 °C,,"Razkraja les; trajni trosnjak na deblih in štorih iglavcev, redkeje listavcev",Kisla tla,"Bukova kresilka (Fomes fomentarius) – siva, brez rdečega roba.",,,,Vse višine,Zelo pogosta na odmrlih smrekah.,Kisla silikatna tla iglastih gozdov,20-30,0-20,,,ne,GBIF (pojavljanje v Sloveniji) + strokovna literatura; ni terensko preverjeno
Žametna podvihanka,Tapinella atrotomentosa,Neužitna,Jul – Okt,12 – 20 °C,,Razkraja les; raste na štorih in koreninah iglavcev,Kisla tla,Navadna podvihanka (Paxillus involutus) – strupena; atrotomentosa ima žametno temno rjav bet.,,,,Sredogorje in gorske lege,Pogosta na smrekovih štorih v višjih legah.,Kisla silikatna tla,20-30,12-20,,,ne,GBIF (pojavljanje v Sloveniji) + strokovna literatura; ni terensko preverjeno
Hrastova mlečnica,Lactarius quietus,Neužitna,Avg – Nov,10 – 18 °C,Izključno hrast,Mikoriza; v tleh pod hrasti,Kisla do nevtralna tla,Druge rjave mlečnice – quietus ima vonj po stenicah in kolobarjast klobuk.,,,,Nižine in gričevje,"Pogosta povsod, kjer so hrasti.",Nevtralna tla hrastovih gozdov,20-30,10-18,,,ne,GBIF (pojavljanje v Sloveniji) + strokovna literatura; ni terensko preverjeno
Rumena mušnica,Amanita gemmata,Strupena,Jun – Okt,14 – 22 °C,"Bor, hrast, bukev","Mikoriza; v tleh v svetlih iglastih in listnatih gozdovih, na peščenih tleh","Kisla, peščena tla","Knežja mušnica (Amanita caesarea) – užitna; gemmata ima belo lamele in bel bet z ovojem, caesarea rumene lističe.",,,,Nižine in sredogorje,"Manj pogosta, a redno prisotna na kislih tleh.",Kisla peščena tla,20-30,14-22,,,ne,GBIF (pojavljanje v Sloveniji) + strokovna literatura; ni terensko preverjeno
Koreninasta panjevka,Hymenopellis radicata,Pogojno užitna,Jun – Okt,12 – 20 °C,,"Razkraja les; raste iz zakopanih korenin bukve, z dolgo koreniko",Nevtralna tla,,,,,Nižine in sredogorje,Pogosta v bukovih gozdovih doline.,Vlažni bukovi gozdovi,20-30,12-20,,,ne,GBIF (pojavljanje v Sloveniji) + strokovna literatura; ni terensko preverjeno
Prozorni ježek,Pseudohydnum gelatinosum,Užitna,Sep – Dec,2 – 12 °C,,Razkraja les; želatinast trosnjak na trhlem lesu iglavcev,Kisla tla,,,,,Sredogorje in gorske lege,Pogost na trhlih smrekovih deblih.,Vlažni iglasti gozdovi,25-35,2-12,,,ne,GBIF (pojavljanje v Sloveniji) + strokovna literatura; ni terensko preverjeno
Srnji ščitovec,Pluteus cervinus,Pogojno užitna,Maj – Nov,10 – 20 °C,,"Razkraja les; raste na trhlem lesu, žagovini in štorih listavcev",Nevtralna tla,"Rdečelistke (Entoloma) – pozor, nekatere so strupene; ščitovec ima proste, rožnate lističe in raste na lesu.",,,,Nižine in sredogorje,Pogost na trhlem lesu.,Vlažni gozdovi,20-30,10-20,,,ne,GBIF (pojavljanje v Sloveniji) + strokovna literatura; ni terensko preverjeno
Rumena lisička,Craterellus lutescens,Užitna,Sep – Nov,6 – 14 °C,"Smreka, bor","Mikoriza; v tleh v vlažnih iglastih gozdovih, v mahu in na barjanskih tleh","Kisla, vlažna tla","Lijasta lisička (Craterellus tubaeformis) – prav tako užitna; lutescens ima gladko, oranžno spodnjo stran brez izrazitih gub.",,,,Sredogorje in gorske lege,Pogosta v vlažnih smrekovih gozdovih višjih leg.,"Kisla, stalno vlažna tla",25-35,6-14,,,da,GBIF (pojavljanje v Sloveniji) + strokovna literatura; ni terensko preverjeno
Slonokoščena polževka,Hygrophorus eburneus,Užitna,Sep – Nov,6 – 14 °C,Bukev,Mikoriza; v tleh v bukovih gozdovih,Bazična apnenčasta tla,"Bele mušnice (Amanita virosa) – smrtno strupene; polževka nima ovoja ob dnu beta in ima debele, voščene lističe.",,,,Sredogorje,Pogosta v bukovju na apnencu.,Karbonatni masivi Golte in Menine,25-35,6-14,,,ne,GBIF (pojavljanje v Sloveniji) + strokovna literatura; ni terensko preverjeno
Sluzasta mlečnica,Lactarius blennius,Neužitna,Avg – Nov,8 – 16 °C,Izključno bukev,Mikoriza; v tleh pod bukvami,Nevtralna do bazična tla,"Druge sivozelene mlečnice – blennius ima izrazito sluzast, kolobarjast klobuk in pekoč mleček.",,,,Sredogorje,Zelo pogosta v bukovih gozdovih doline.,Apnenčasta bukovja,20-30,8-16,,,ne,GBIF (pojavljanje v Sloveniji) + strokovna literatura; ni terensko preverjeno
Bledorumena golobica,Russula ochroleuca,Pogojno užitna,Avg – Nov,8 – 16 °C,"Smreka, bukev",Mikoriza; v tleh v iglastih in mešanih gozdovih,Kisla tla,Bljuvna golobica (Russula emetica) – rdeča in pekoča; ochroleuca je okerrumena in blago pekoča.,,,,Vse višine,Zelo pogosta povsod.,Kisla silikatna tla,20-30,8-16,,,ne,GBIF (pojavljanje v Sloveniji) + strokovna literatura; ni terensko preverjeno
Grbasta ploskocevka,Trametes gibbosa,Neužitna,Celotno leto,2 – 20 °C,,Razkraja les; trosnjak na štorih in deblih bukve,Nevtralna tla,Pisana ploskocevka (Trametes versicolor) – ta je tanjša in pisano kolobarjasta.,,,,Nižine in sredogorje,Pogosta na bukovih štorih.,Vlažni bukovi gozdovi,20-30,2-20,,,ne,GBIF (pojavljanje v Sloveniji) + strokovna literatura; ni terensko preverjeno
Rumena griva,Ramaria flava,Pogojno užitna,Avg – Okt,10 – 18 °C,"Bukev, smreka",Mikoriza; v tleh v bukovih in mešanih gozdovih,Nevtralna do bazična tla,"Lepa griva (Ramaria formosa) – odvajalno strupena, rožnata z rumenimi konicami. Ločevanje griv je zahtevno.",,,,Sredogorje,Pogosta v bukovju.,Apnenčasta bukovja Golte in Menine,25-35,10-18,,,ne,GBIF (pojavljanje v Sloveniji) + strokovna literatura; ni terensko preverjeno
Navadna lupljivka,Suillus luteus,Užitna,Sep – Nov,8 – 16 °C,Izključno bor (dvoigličasti),"Mikoriza; v tleh pod bori, pogosto v skupinah","Kisla, peščena tla",Druge lupljivke – vse užitne; luteus ima izrazit membranast obroček na betu.,,,,Nižine in sredogorje,Pogosta v borovih nasadih in na kislih tleh.,Kisla peščena tla borovih sestojev,20-30,8-16,,,da,GBIF (pojavljanje v Sloveniji) + strokovna literatura; ni terensko preverjeno
Luskasti srnjak,Sarcodon imbricatus,Pogojno užitna,Avg – Okt,8 – 16 °C,Smreka,Mikoriza; v tleh v gorskih smrekovih gozdovih,Kisla tla,Sarcodon scabrosus – grenak in neužiten; imbricatus ima grobe temne luske in blag okus.,,,,Gorske lege,Pogost v smrekovih gozdovih Smrekovca in Golte.,Kisla silikatna tla gorskih smrekovij,25-35,8-16,,,ne,GBIF (pojavljanje v Sloveniji) + strokovna literatura; ni terensko preverjeno
Navadni smrdljivec,Phallus impudicus,Neužitna,Jun – Okt,14 – 22 °C,,Razkrajalka organskih ostankov; raste v humusu listnatih gozdov in vrtov,"Nevtralna, humusna tla",Mlado 'jajce' se lahko zamenja s prašnico ali gomoljiko – prerez pokaže želatinasto plast in zametek beta.,,,,Nižine in sredogorje,"Pogost, po vonju prepoznaven že od daleč.",Humusna tla listnatih gozdov,20-30,14-22,,,ne,GBIF (pojavljanje v Sloveniji) + strokovna literatura; ni terensko preverjeno
Lepa griva,Ramaria formosa,Strupena,Avg – Okt,10 – 18 °C,Bukev,Mikoriza; v tleh v bukovih gozdovih,Nevtralna do bazična tla,Rumena griva (Ramaria flava) in rdeča griva (Ramaria botrytis) – formosa je rožnata z rumenimi konicami in povzroča drisko.,,,,Sredogorje,Pogosta v bukovju.,Apnenčasta bukovja,25-35,10-18,,,ne,GBIF (pojavljanje v Sloveniji) + strokovna literatura; ni terensko preverjeno
Rdečkasta labirintnica,Daedaleopsis confragosa,Neužitna,Celotno leto,2 – 20 °C,,"Razkraja les; trosnjak na odmrlih vejah vrbe, breze in leske",Vlažna tla,,,,,Nižine in doline ob rekah,Pogosta ob Savinji in Dreti.,Rečni logi in obrežja,20-30,2-20,,,ne,GBIF (pojavljanje v Sloveniji) + strokovna literatura; ni terensko preverjeno
Rdečkasti ježek,Hydnum rufescens,Užitna,Avg – Nov,8 – 16 °C,"Bukev, smreka",Mikoriza; v tleh v listnatih in iglastih gozdovih,Kisla do nevtralna tla,"Rumeni ježek (Hydnum repandum) – prav tako užiten, večji in bledejši.",,,,Vse višine,"Pogost povsod, kjer raste rumeni ježek.",Kisla in nevtralna gozdna tla,20-30,8-16,,,da,GBIF (pojavljanje v Sloveniji) + strokovna literatura; ni terensko preverjeno
Sivolistna žveplenjača,Hypholoma capnoides,Užitna,Sep – Nov,6 – 14 °C,,Razkraja les; raste v šopih na štorih iglavcev,Kisla tla,"Navadna žveplenjača (Hypholoma fasciculare) – strupena in grenka, z zelenkastožveplenimi lističi; capnoides ima sive lističe in blag okus. Razlika je za nabiralca ključna.",,,,Sredogorje in gorske lege,Pogosta na smrekovih štorih.,Kisla silikatna tla,20-30,6-14,,,ne,GBIF (pojavljanje v Sloveniji) + strokovna literatura; ni terensko preverjeno
Rumena rogljača,Calocera viscosa,Neužitna,Avg – Dec,4 – 16 °C,,Razkraja les; želatinast rumen trosnjak na trhlem lesu iglavcev,Kisla tla,"Rumene grive (Ramaria) – rogljača je gumijasta, lepljiva in raste neposredno na lesu.",,,,Sredogorje in gorske lege,Pogosta na trhlem smrekovem lesu.,Kisla silikatna tla,20-30,4-16,,,ne,GBIF (pojavljanje v Sloveniji) + strokovna literatura; ni terensko preverjeno
Olivna golobica,Russula olivacea,Užitna,Jul – Okt,12 – 20 °C,"Bukev, smreka",Mikoriza; v tleh v bukovih in mešanih gozdovih,Nevtralna do bazična tla,Druge velike golobice – olivacea ima olivno rdečkast klobuk s koncentrično progavostjo; surova povzroča slabost.,,,,Sredogorje,Pogosta v bukovju.,Apnenčasta bukovja,25-35,12-20,,,ne,GBIF (pojavljanje v Sloveniji) + strokovna literatura; ni terensko preverjeno
Kosmata mlečnica,Lactarius torminosus,Strupena,Avg – Okt,10 – 18 °C,Izključno breza,Mikoriza; v tleh pod brezami,Kisla tla,"Užitna sirovka (Lactarius deliciosus) – torminosus ima kosmat rob klobuka in bel, pekoč mleček.",,,,Nižine in sredogorje,"Pogosta povsod, kjer so breze.",Kisla tla z brezami,20-30,10-18,,,ne,GBIF (pojavljanje v Sloveniji) + strokovna literatura; ni terensko preverjeno
Vretenasta panjevka,Gymnopus fusipes,Neužitna,Jun – Okt,12 – 20 °C,,"Razkraja les; raste v šopih ob dnu hrastov, iz korenin",Nevtralna tla,,,,,Nižine in gričevje,Pogosta ob hrastih.,Nevtralna tla hrastovih gozdov,20-30,12-20,,,ne,GBIF (pojavljanje v Sloveniji) + strokovna literatura; ni terensko preverjeno
Pegasta panjevka,Rhodocollybia maculata,Neužitna,Jul – Nov,8 – 18 °C,,Razkrajalka stelje; raste v iglicah in na kislih gozdnih tleh,Kisla tla,,,,,Sredogorje in gorske lege,Pogosta v smrekovih gozdovih.,Kisla silikatna tla,20-30,8-18,,,ne,GBIF (pojavljanje v Sloveniji) + strokovna literatura; ni terensko preverjeno
Hrastova panjevka,Gymnopus dryophilus,Pogojno užitna,Maj – Nov,10 – 20 °C,,Razkrajalka stelje; raste v listju listnatih gozdov,Nevtralna tla,"Drobne strupene čeladice in vlaknarice – dryophilus je vitka, s tanko rjavkasto klobukom in praktično brez okusa.",,,,Nižine in sredogorje,Zelo pogosta v listnatih gozdovih.,Nevtralna gozdna tla,20-30,10-20,,,ne,GBIF (pojavljanje v Sloveniji) + strokovna literatura; ni terensko preverjeno
Cela golobica,Russula integra,Užitna,Jul – Okt,10 – 18 °C,Smreka,Mikoriza; v tleh v gorskih smrekovih gozdovih,Kisla tla,Druge velike rjavkaste golobice – integra ima okerrumen trosni prah in blag okus.,,,,Gorske lege,Pogosta v smrekovju višjih leg.,Kisla silikatna tla Smrekovca,25-35,10-18,,,ne,GBIF (pojavljanje v Sloveniji) + strokovna literatura; ni terensko preverjeno
Maslena panjevka,Rhodocollybia butyracea,Neužitna,Sep – Dec,4 – 14 °C,,"Razkrajalka stelje; raste v iglicah in listju, pozno v sezoni",Kisla tla,,,,,Vse višine,Zelo pogosta pozno jeseni.,Kisla gozdna tla,20-30,4-14,,,ne,GBIF (pojavljanje v Sloveniji) + strokovna literatura; ni terensko preverjeno
Brezova kresilača,Fomitopsis betulina,Neužitna,Celotno leto,2 – 20 °C,,Razkraja les; trosnjak izključno na brezah,Kisla tla,,,,,Nižine in sredogorje,"Pogosta povsod, kjer so breze.",Kisla tla z brezami,20-30,2-20,,,ne,GBIF (pojavljanje v Sloveniji) + strokovna literatura; ni terensko preverjeno
Bakreni slinar,Chroogomphus rutilus,Užitna,Sep – Nov,8 – 16 °C,Bor,"Mikoriza; v tleh pod bori, pogosto skupaj z lupljivkami","Kisla, peščena tla",Veliki slinar (Gomphidius glutinosus) – prav tako užiten.,,,,Nižine in sredogorje,"Manj pogost, vezan na borove sestoje.",Kisla peščena tla borovij,20-30,8-16,,,ne,GBIF (pojavljanje v Sloveniji) + strokovna literatura; ni terensko preverjeno
Golobja kolobarnica,Tricholoma columbetta,Užitna,Sep – Nov,8 – 16 °C,"Bukev, hrast",Mikoriza; v tleh v listnatih gozdovih,Kisla do nevtralna tla,Bele mušnice (Amanita virosa) – smrtno strupene; kolobarnica nima obročka ne ovoja ob dnu beta. Razlikovanje zahteva izkušnje.,,,,Sredogorje,"Manj pogosta, a redno prisotna v bukovju.",Nevtralna tla listnatih gozdov,25-35,8-16,,,ne,GBIF (pojavljanje v Sloveniji) + strokovna literatura; ni terensko preverjeno
Dišeči tramovec,Gloeophyllum odoratum,Neužitna,Celotno leto,2 – 20 °C,,"Razkraja les; trosnjak na smrekovih štorih, diši po janežu",Kisla tla,,,,,Sredogorje in gorske lege,Pogost na smrekovih štorih.,Kisla silikatna tla,20-30,2-20,,,ne,GBIF (pojavljanje v Sloveniji) + strokovna literatura; ni terensko preverjeno
Vijoličasta čeladica,Mycena pura,Strupena,Jun – Nov,8 – 18 °C,,Razkrajalka stelje; raste v listju in iglicah,Nevtralna tla,Vijoličasta kolesnica (Lepista nuda) – užitna in mnogo bolj mesnata; čeladica je drobna in diši po redkvi.,,,,Vse višine,Zelo pogosta povsod.,Vsa gozdna tla,20-30,8-18,,,ne,GBIF (pojavljanje v Sloveniji) + strokovna literatura; ni terensko preverjeno
Ovčji ovčar,Albatrellus ovinus,Užitna,Avg – Okt,8 – 16 °C,Smreka,"Mikoriza; v tleh v gorskih smrekovih gozdovih, pogosto v skupinah",Kisla do nevtralna tla,Kozja noga (Scutiger pes-caprae) – prav tako užitna. Grenki ovčarji rodu Albatrellopsis.,,,,Gorske lege,Pogost v smrekovju Smrekovca in Golte.,Kisla silikatna tla gorskih smrekovij,25-35,8-16,,,da,GBIF (pojavljanje v Sloveniji) + strokovna literatura; ni terensko preverjeno
Butyriboletus appendiculatus,Butyriboletus appendiculatus,Užitna,Jul – Sep,16 – 24 °C,"Hrast, bukev",Mikoriza; v tleh v toplih listnatih gozdovih,Bazična apnenčasta tla,"Vražji goban (Rubroboletus satanas) – strupen, z rdečimi cevkami; appendiculatus ima rumene cevke in blago modri.",,,,Nižine in gričevje,"Manj pogost, vezan na topla apnenčasta rastišča.",Karbonatna tla toplih leg,20-30,16-24,,,ne,GBIF (pojavljanje v Sloveniji) + strokovna literatura; ni terensko preverjeno
Temna mraznica,Armillaria ostoyae,Pogojno užitna,Sep – Nov,6 – 14 °C,,Zajeda živa in razkraja odmrla debla; raste v šopih ob štorih iglavcev,Kisla tla,"Strupene koprenke in žveplenjače – mraznica ima bel trosni prah in obroček. Surova je strupena, obvezno kuhati.",,,,Vse višine,Zelo pogosta na iglavcih po vsej dolini.,Kisla silikatna tla,20-30,6-14,,,ne,GBIF (pojavljanje v Sloveniji) + strokovna literatura; ni terensko preverjeno
Gozdna polževka,Hygrophorus nemoreus,Užitna,Sep – Nov,8 – 16 °C,"Hrast, bukev",Mikoriza; v tleh v svetlih listnatih gozdovih,Bazična apnenčasta tla,Druge polževke – vse neškodljive; nemoreus diši po moki.,,,,Nižine in sredogorje,"Manj pogosta, vezana na apnenčasta listnata rastišča.",Karbonatni masivi,25-35,8-16,,,ne,GBIF (pojavljanje v Sloveniji) + strokovna literatura; ni terensko preverjeno
Hruškasta prašnica,Apioperdon pyriforme,Užitna,Avg – Nov,8 – 18 °C,,Razkraja les; raste v gostih skupinah na trhlih štorih in zakopanem lesu,Nevtralna tla,"Mlade bele mušnice – prerez prašnice mora biti povsem bel in enoten, brez zametka klobuka.",,,,Vse višine,Zelo pogosta na štorih.,Vlažni gozdovi,20-30,8-18,,,ne,GBIF (pojavljanje v Sloveniji) + strokovna literatura; ni terensko preverjeno
Jamičasta mlečnica,Lactarius scrobiculatus,Strupena,Avg – Okt,8 – 16 °C,Smreka,Mikoriza; v tleh v gorskih smrekovih gozdovih,Kisla tla,"Užitne sirovke (Lactarius deliciosus) – te imajo oranžen mleček; scrobiculatus ima bel mleček, ki na zraku porumeni, in jamičast bet.",,,,Gorske lege,Pogosta v gorskem smrekovju.,Kisla silikatna tla,25-35,8-16,,,ne,GBIF (pojavljanje v Sloveniji) + strokovna literatura; ni terensko preverjeno
Bela golobica,Russula delica,Pogojno užitna,Jul – Okt,12 – 20 °C,"Bukev, hrast","Mikoriza; v tleh, pogosto napol zakopana v steljo",Nevtralna do bazična tla,"Kravja mlečnica (Lactifluus piperatus) – ta pušča bel mleček, golobica ne.",,,,Sredogorje,Pogosta v bukovju.,Apnenčasta bukovja,25-35,12-20,,,ne,GBIF (pojavljanje v Sloveniji) + strokovna literatura; ni terensko preverjeno
Collybiopsis confluens,Collybiopsis confluens,Neužitna,Jul – Okt,12 – 20 °C,,Razkrajalka stelje; raste v gostih šopih v listju listnatih gozdov,Nevtralna tla,,,,,Nižine in sredogorje,Pogosta v bukovju.,Vlažna gozdna tla,20-30,12-20,,,ne,GBIF (pojavljanje v Sloveniji) + strokovna literatura; ni terensko preverjeno
Kozja noga,Scutiger pes-caprae,Užitna,Avg – Okt,10 – 18 °C,"Smreka, bukev",Mikoriza; v tleh v gorskih gozdovih,Kisla do nevtralna tla,Ovčji ovčar (Albatrellus ovinus) – prav tako užiten in cenjen.,,,,Gorske lege,"Manj pogosta, cenjena vrsta višjih leg.",Kisla in nevtralna tla gorskih gozdov,25-35,10-18,,,ne,GBIF (pojavljanje v Sloveniji) + strokovna literatura; ni terensko preverjeno
Gorčična grenivka,Hebeloma sinapizans,Strupena,Sep – Nov,8 – 16 °C,"Bukev, hrast",Mikoriza; v tleh v listnatih gozdovih,Bazična apnenčasta tla,Miška (Tricholoma scalpturatum) in druge svetle kolobarnice – grenivka ima vonj po redkvi in rjav trosni prah.,,,,Sredogorje,Pogosta v bukovju na apnencu.,Karbonatni masivi,20-30,8-16,,,ne,GBIF (pojavljanje v Sloveniji) + strokovna literatura; ni terensko preverjeno
Sluzasta panjevka,Mucidula mucida,Pogojno užitna,Sep – Nov,6 – 14 °C,,"Razkraja les; raste visoko na bukovih deblih, izrazito sluzasta",Nevtralna tla,,,,,Sredogorje,Pogosta v bukovih gozdovih doline.,Vlažna bukovja,25-35,6-14,,,ne,GBIF (pojavljanje v Sloveniji) + strokovna literatura; ni terensko preverjeno
Sivkasta rdečelistka,Entoloma rhodopolium,Strupena,Avg – Okt,10 – 18 °C,"Bukev, hrast",Mikoriza; v tleh v listnatih gozdovih,Nevtralna tla,Ščitasta rdečelistka (Entoloma clypeatum) in mokovka (Clitopilus prunulus) – rhodopolium povzroča hude prebavne motnje. Rožnati trosni prah je znak rodu.,,,,Nižine in sredogorje,Pogosta v listnatih gozdovih.,Nevtralna gozdna tla,20-30,10-18,,,ne,GBIF (pojavljanje v Sloveniji) + strokovna literatura; ni terensko preverjeno
Temnordeča golobica,Russula atropurpurea,Pogojno užitna,Avg – Okt,10 – 18 °C,"Hrast, bukev",Mikoriza; v tleh v listnatih gozdovih,Kisla do nevtralna tla,"Bljuvna golobica (Russula emetica) – pekoča in strupena; atropurpurea je blago pekoča, s temno vijoličastordečim klobukom.",,,,Nižine in sredogorje,Pogosta v hrastovih in bukovih gozdovih.,Kisla in nevtralna tla,20-30,10-18,,,ne,GBIF (pojavljanje v Sloveniji) + strokovna literatura; ni terensko preverjeno
Mandljeva golobica,Russula grata,Neužitna,Jul – Okt,12 – 20 °C,"Bukev, hrast",Mikoriza; v tleh v listnatih gozdovih,Nevtralna do bazična tla,Smrdljiva golobica (Russula foetens) – grata diši po grenkih mandljih.,,,,Sredogorje,Pogosta v bukovju.,Apnenčasta bukovja,25-35,12-20,,,ne,GBIF (pojavljanje v Sloveniji) + strokovna literatura; ni terensko preverjeno
Kosmata plesnivka,Stereum hirsutum,Neužitna,Celotno leto,2 – 20 °C,,Razkraja les; tanek trosnjak na odmrlih vejah in štorih listavcev,Nevtralna tla,,,,,Vse višine,Zelo pogosta povsod na odmrlem lesu.,Vsi gozdovi,20-30,2-20,,,ne,GBIF (pojavljanje v Sloveniji) + strokovna literatura; ni terensko preverjeno
Izvihana kolesnica,Paralepista flaccida,Pogojno užitna,Sep – Nov,6 – 14 °C,,Razkrajalka stelje; raste v vrstah in krogih v iglicah in listju,Nevtralna tla,Strupene bele livke (Clitocybe) – flaccida je rjastorjava z globoko lijasto klobukom.,,,,Vse višine,Pogosta pozno jeseni.,Gozdna tla,20-30,6-14,,,ne,GBIF (pojavljanje v Sloveniji) + strokovna literatura; ni terensko preverjeno
Zlatorumena golobica,Russula risigallina,Užitna,Jul – Okt,12 – 20 °C,"Bukev, hrast",Mikoriza; v tleh v listnatih gozdovih,Nevtralna tla,"Druge rumene golobice – risigallina je drobna, z oker trosnim prahom in sadnim vonjem.",,,,Nižine in sredogorje,Pogosta v listnatih gozdovih.,Nevtralna gozdna tla,20-30,12-20,,,ne,GBIF (pojavljanje v Sloveniji) + strokovna literatura; ni terensko preverjeno
Lyophyllum decastes,Lyophyllum decastes,Užitna,Avg – Nov,8 – 18 °C,,"Razkrajalka organskih ostankov; raste v gostih šopih ob poteh, na nasutjih in gozdnih robovih",Nevtralna tla,"Strupene rdečelistke in koprenke, ki prav tako rastejo v šopih – decastes ima bel trosni prah in sivorjav, gladek klobuk. Ločevanje zahteva izkušnje.",,,,Nižine in sredogorje,Pogost ob poteh in nasutjih.,Nasutja in gozdni robovi,20-30,8-18,,,ne,GBIF (pojavljanje v Sloveniji) + strokovna literatura; ni terensko preverjeno
Collybiopsis peronata,Collybiopsis peronata,Neužitna,Jul – Nov,10 – 18 °C,,Razkrajalka stelje; raste v listju bukovih in hrastovih gozdov,Nevtralna tla,,,,,Nižine in sredogorje,Pogosta v listnatih gozdovih.,Gozdna tla,20-30,10-18,,,ne,GBIF (pojavljanje v Sloveniji) + strokovna literatura; ni terensko preverjeno
Spremenljiva panjevka,Kuehneromyces mutabilis,Užitna,Apr – Nov,8 – 18 °C,,Razkraja les; raste v gostih šopih na štorih listavcev,Nevtralna tla,Robata smrtnica (Galerina marginata) – SMRTNO STRUPENA in raste v enakih šopih na lesu. Brez zanesljivega razlikovanja te vrste ne nabiraj.,,,,Nižine in sredogorje,Pogosta na štorih listavcev.,Vlažni gozdovi,20-30,8-18,,,ne,GBIF (pojavljanje v Sloveniji) + strokovna literatura; ni terensko preverjeno
Bleda mlečnica,Lactarius pallidus,Neužitna,Avg – Okt,10 – 18 °C,Bukev,Mikoriza; v tleh pod bukvami,Nevtralna do bazična tla,,,,,Sredogorje,Pogosta v bukovju.,Apnenčasta bukovja,20-30,10-18,,,ne,GBIF (pojavljanje v Sloveniji) + strokovna literatura; ni terensko preverjeno
Grda mlečnica,Lactarius turpis,Strupena,Avg – Okt,8 – 16 °C,Breza,"Mikoriza; v tleh pod brezami, pogosto v mahu",Kisla tla,"Temne sirovke – turpis je olivno črnikast in pekoč, velja za rakotvornega.",,,,Nižine in sredogorje,Pogosta pod brezami.,Kisla tla z brezami,20-30,8-16,,,ne,GBIF (pojavljanje v Sloveniji) + strokovna literatura; ni terensko preverjeno
Žolčna golobica,Russula fellea,Neužitna,Avg – Okt,10 – 18 °C,Bukev,Mikoriza; v tleh v bukovih gozdovih,Nevtralna do bazična tla,Bledorumena golobica (Russula ochroleuca) – fellea je izrazito pekoča in diši po jabolčnem kompotu.,,,,Sredogorje,Zelo pogosta v bukovju.,Apnenčasta bukovja,20-30,10-18,,,ne,GBIF (pojavljanje v Sloveniji) + strokovna literatura; ni terensko preverjeno
Kravja kolobarnica,Tricholoma vaccinum,Neužitna,Sep – Nov,6 – 14 °C,Smreka,Mikoriza; v tleh v smrekovih gozdovih,Kisla tla,"Rjava kolobarnica (Tricholoma ustale) – strupena; vaccinum ima kosmat, luskast klobuk.",,,,Sredogorje in gorske lege,Pogosta v smrekovju.,Kisla silikatna tla,20-30,6-14,,,ne,GBIF (pojavljanje v Sloveniji) + strokovna literatura; ni terensko preverjeno
Poprov goban,Chalciporus piperatus,Neužitna,Avg – Okt,10 – 18 °C,"Smreka, breza","Mikoriza; v tleh v iglastih gozdovih, pogosto ob mušnicah",Kisla tla,"Mladi gobani – piperatus je drobcen, z rdečkastimi cevkami in izrazito pekočim okusom.",,,,Vse višine,Pogost v iglastih gozdovih.,Kisla silikatna tla,20-30,10-18,,,ne,GBIF (pojavljanje v Sloveniji) + strokovna literatura; ni terensko preverjeno
Oranžna mlečnica,Lactarius aurantiacus,Neužitna,Sep – Nov,8 – 16 °C,Smreka,"Mikoriza; v tleh v smrekovih gozdovih, v mahu",Kisla tla,"Užitne sirovke – aurantiacus ima bel mleček, sirovke oranžnega.",,,,Sredogorje in gorske lege,Pogosta v smrekovju.,Kisla silikatna tla,20-30,8-16,,,ne,GBIF (pojavljanje v Sloveniji) + strokovna literatura; ni terensko preverjeno
Velika koprenka,Cortinarius praestans,Užitna,Sep – Okt,8 – 16 °C,Bukev,Mikoriza; v tleh v bukovih gozdovih na apnencu,Bazična apnenčasta tla,Smrtno strupene koprenke (Cortinarius orellanus) – rod koprenk vsebuje smrtno strupene vrste. Nabiranje koprenk odsvetujemo brez določitve pri mikologu.,,,,Sredogorje,"Redka, vezana na ohranjena bukovja na apnencu.",Karbonatni masivi Golte in Menine,25-35,8-16,,,ne,GBIF (pojavljanje v Sloveniji) + strokovna literatura; ni terensko preverjeno
Kodrasti hrček,Helvella crispa,Pogojno užitna,Avg – Nov,8 – 16 °C,,Razkrajalka organskih ostankov; raste ob gozdnih poteh in robovih listnatih gozdov,Bazična apnenčasta tla,Pomladanski hrček (Gyromitra esculenta) – strupen. Vsi hrčki so surovi strupeni in jih je treba dolgo kuhati.,,,,Nižine in sredogorje,Pogost ob gozdnih poteh.,Apnenčasti gozdni robovi,20-30,8-16,,,ne,GBIF (pojavljanje v Sloveniji) + strokovna literatura; ni terensko preverjeno
Navadni cepilistnik,Schizophyllum commune,Neužitna,Celotno leto,2 – 24 °C,,Razkraja les; drobni pahljačasti trosnjaki na odmrlih vejah in žaganem lesu,Nevtralna tla,,,,,Vse višine,Zelo pogost povsod na odmrlem lesu.,Vsi gozdovi,20-30,2-24,,,ne,GBIF (pojavljanje v Sloveniji) + strokovna literatura; ni terensko preverjeno
Dišeči školjkar,Lentinellus cochleatus,Užitna,Avg – Nov,8 – 16 °C,,"Razkraja les; raste v šopih na štorih listavcev, diši po janežu",Nevtralna tla,,,,,Nižine in sredogorje,"Manj pogost, a redno prisoten na bukovih štorih.",Vlažna bukovja,20-30,8-16,,,ne,GBIF (pojavljanje v Sloveniji) + strokovna literatura; ni terensko preverjeno
Hygrophorus poetarum,Hygrophorus poetarum,Užitna,Sep – Nov,8 – 16 °C,Bukev,Mikoriza; v tleh v bukovih gozdovih na apnencu,Bazična apnenčasta tla,Druge svetle polževke – vse neškodljive.,,,,Sredogorje,"Redka, vezana na apnenčasta bukovja.",Karbonatni masivi,25-35,8-16,,,ne,GBIF (pojavljanje v Sloveniji) + strokovna literatura; ni terensko preverjeno
Smrdljiva marelica,Lepiota cristata,Strupena,Jul – Nov,10 – 20 °C,,"Razkrajalka organskih ostankov; raste v travi, parkih in ob poteh",Nevtralna tla,Mladi dežniki (Macrolepiota) – marelice rodu Lepiota so drobne in med njimi so smrtno strupene vrste. Drobnih dežnikom podobnih gob ne nabiraj.,,,,Nižine in sredogorje,Pogosta ob poteh in v parkih.,Humusna tla,20-30,10-20,,,ne,GBIF (pojavljanje v Sloveniji) + strokovna literatura; ni terensko preverjeno
Dišeča polževka,Hygrophorus agathosmus,Užitna,Sep – Nov,4 – 12 °C,Smreka,Mikoriza; v tleh v smrekovih gozdovih,Kisla do nevtralna tla,Druge sive polževke – agathosmus diši po grenkih mandljih.,,,,Sredogorje in gorske lege,Pogosta v smrekovju.,Kisla silikatna tla,25-35,4-12,,,ne,GBIF (pojavljanje v Sloveniji) + strokovna literatura; ni terensko preverjeno
Sivkasta kolobarnica,Tricholoma sciodes,Neužitna,Sep – Nov,6 – 14 °C,Bukev,Mikoriza; v tleh v bukovih gozdovih,Nevtralna do bazična tla,Pegasta kolobarnica (Tricholoma pardinum) – strupena in mnogo večja; sciodes je grenka.,,,,Sredogorje,Pogosta v bukovju.,Apnenčasta bukovja,20-30,6-14,,,ne,GBIF (pojavljanje v Sloveniji) + strokovna literatura; ni terensko preverjeno
Koreninasta grenivka,Hebeloma radicosum,Neužitna,Sep – Nov,8 – 16 °C,Bukev,"Mikoriza; v tleh, z dolgo koreniko iz rovov malih sesalcev",Nevtralna do bazična tla,Druge grenivke – vse neužitne ali strupene; radicosum diši po marcipanu.,,,,Sredogorje,Manj pogosta.,Apnenčasta bukovja,20-30,8-16,,,ne,GBIF (pojavljanje v Sloveniji) + strokovna literatura; ni terensko preverjeno
Mesnata uhljevka,Guepinia helvelloides,Užitna,Jun – Okt,10 – 20 °C,,Razkraja les; želatinast rožnat trosnjak na zakopanem lesu iglavcev,Kisla tla,Bezgova uhljevka (Auricularia auricula-judae) – prav tako užitna.,,,,Sredogorje in gorske lege,"Manj pogosta, a značilna za gorske gozdove.",Kisla silikatna tla,25-35,10-20,,,ne,GBIF (pojavljanje v Sloveniji) + strokovna literatura; ni terensko preverjeno
Zorna golobica,Russula aurora,Užitna,Jul – Okt,12 – 20 °C,"Bukev, hrast",Mikoriza; v tleh v listnatih gozdovih,Nevtralna tla,"Bljuvna golobica (Russula emetica) – pekoča; aurora je blaga, z rožnato belkastim klobukom.",,,,Nižine in sredogorje,Manj pogosta.,Nevtralna gozdna tla,20-30,12-20,,,ne,GBIF (pojavljanje v Sloveniji) + strokovna literatura; ni terensko preverjeno
Progasta čeladica,Mycena galericulata,Neužitna,Apr – Dec,4 – 18 °C,,Razkraja les; raste v šopih na štorih in vejah listavcev,Nevtralna tla,,,,,Vse višine,Zelo pogosta vse leto.,Vsi gozdovi,20-30,4-18,,,ne,GBIF (pojavljanje v Sloveniji) + strokovna literatura; ni terensko preverjeno
Kijasta prašnica,Lycoperdon excipuliforme,Užitna,Avg – Nov,8 – 18 °C,,Razkrajalka organskih ostankov; raste na gozdnih tleh in travnikih,Nevtralna tla,"Mlade bele mušnice – prerez mora biti povsem bel in enoten. Užitna le, dokler je meso belo.",,,,Vse višine,Pogosta na gozdnih tleh.,Humusna gozdna tla,20-30,8-18,,,ne,GBIF (pojavljanje v Sloveniji) + strokovna literatura; ni terensko preverjeno
Albatrellopsis confluens,Albatrellopsis confluens,Užitna,Avg – Okt,8 – 16 °C,Smreka,"Mikoriza; v tleh v gorskih smrekovih gozdovih, trosnjaki pogosto zraščeni",Kisla do nevtralna tla,Ovčji ovčar (Albatrellus ovinus) – prav tako užiten.,,,,Gorske lege,"Manj pogost, v gorskem smrekovju.",Kisla silikatna tla gorskih smrekovij,25-35,8-16,,,ne,GBIF (pojavljanje v Sloveniji) + strokovna literatura; ni terensko preverjeno
Mehurjasta prašnica,Bovistella utriformis,Užitna,Jul – Okt,10 – 20 °C,,Razkrajalka travinja; raste na pašnikih in planinskih travnikih,Nevtralna tla,Mlade bele mušnice – prerez mora biti povsem bel. Užitna le mlada.,,,,Gorske lege in planine,Pogosta na planinskih pašnikih Golte in Menine.,Planinski pašniki,20-30,10-20,,,ne,GBIF (pojavljanje v Sloveniji) + strokovna literatura; ni terensko preverjeno
Lažna lisička,Hygrophoropsis aurantiaca,Neužitna,Avg – Dec,4 – 16 °C,,Razkrajalka stelje; raste v iglicah in na trhlem lesu iglavcev,Kisla tla,"Navadna lisička (Cantharellus cibarius) – prava lisička ima gube, ne pravih lističev, in je bledo rumena; lažna je živo oranžna z mehkimi, vilastimi lističi.",,,,Vse višine,Zelo pogosta v smrekovih gozdovih.,Kisla silikatna tla,20-30,4-16,,,ne,GBIF (pojavljanje v Sloveniji) + strokovna literatura; ni terensko preverjeno
Razpokana vlaknarica,Pseudosperma rimosum,Strupena,Jun – Okt,12 – 20 °C,"Bukev, hrast, lipa",Mikoriza; v tleh ob gozdnih poteh in robovih,Nevtralna do bazična tla,Miška (Tricholoma scalpturatum) in mokovka – vlaknarice vsebujejo muskarin in so nevarne. Radialno razpokan klobuk je znak rodu.,,,,Nižine in sredogorje,Pogosta ob gozdnih poteh.,Nevtralna gozdna tla,20-30,12-20,,,ne,GBIF (pojavljanje v Sloveniji) + strokovna literatura; ni terensko preverjeno
Zelena grintavka,Stropharia aeruginosa,Neužitna,Avg – Nov,8 – 16 °C,,"Razkrajalka organskih ostankov; raste na gozdnih tleh, ob poteh in na travnikih",Nevtralna tla,"Janeževa livka (Clitocybe odora) – ta je zelenkasta, a diši po janežu in nima obročka.",,,,Nižine in sredogorje,Pogosta ob poteh.,Humusna tla,20-30,8-16,,,ne,GBIF (pojavljanje v Sloveniji) + strokovna literatura; ni terensko preverjeno
Laeticutis cristata,Laeticutis cristata,Pogojno užitna,Avg – Okt,10 – 18 °C,"Bukev, smreka",Mikoriza; v tleh v gorskih gozdovih,Kisla do nevtralna tla,Ovčji ovčar (Albatrellus ovinus) – užiten; cristata je zelenkasta in grenkobna.,,,,Gorske lege,Manj pogosta.,Gorska gozdna tla,25-35,10-18,,,ne,GBIF (pojavljanje v Sloveniji) + strokovna literatura; ni terensko preverjeno
Ploščata pološčenka,Ganoderma applanatum,Neužitna,Celotno leto,2 – 20 °C,,Razkraja les; velik trajni trosnjak na deblih in štorih bukve,Nevtralna tla,,,,,Nižine in sredogorje,Pogosta na starih bukvah.,Bukovi gozdovi,20-30,2-20,,,ne,GBIF (pojavljanje v Sloveniji) + strokovna literatura; ni terensko preverjeno
Kafrova mlečnica,Lactarius camphoratus,Pogojno užitna,Avg – Okt,10 – 18 °C,"Smreka, bukev","Mikoriza; v tleh, pogosto v mahu",Kisla tla,Druge drobne rjave mlečnice – camphoratus diši po kafri oziroma po posušeni zelišči; uporablja se kot dišava.,,,,Sredogorje in gorske lege,Pogosta v smrekovju.,Kisla silikatna tla,20-30,10-18,,,ne,GBIF (pojavljanje v Sloveniji) + strokovna literatura; ni terensko preverjeno
Trpka kolobarnica,Tricholoma acerbum,Neužitna,Sep – Nov,8 – 16 °C,"Hrast, bukev",Mikoriza; v tleh v listnatih gozdovih,Bazična apnenčasta tla,Druge svetle kolobarnice – acerbum je trpka in ima nagrbančen rob klobuka.,,,,Nižine in sredogorje,Manj pogosta.,Karbonatna tla,20-30,8-16,,,ne,GBIF (pojavljanje v Sloveniji) + strokovna literatura; ni terensko preverjeno
Snežnobela vlažnica,Cuphophyllus virgineus,Užitna,Sep – Nov,4 – 14 °C,,Razkrajalka travinja; raste na neognojenih travnikih in pašnikih,Nevtralna tla,"Bele livke (Clitocybe dealbata) – smrtno nevarne; vlažnica ima debele, voščene, redke lističe.",,,,Gorske lege in planine,Pogosta na planinskih travnikih.,Planinski pašniki,20-30,4-14,,,ne,GBIF (pojavljanje v Sloveniji) + strokovna literatura; ni terensko preverjeno
Grenki bočnik,Panellus stipticus,Neužitna,Celotno leto,2 – 20 °C,,Razkraja les; drobni trosnjaki v skupinah na štorih listavcev,Nevtralna tla,Bukov ostrigar (Pleurotus ostreatus) – ta je velik in mesnat; stipticus je drobcen in trpko grenak.,,,,Nižine in sredogorje,Pogost na hrastovih in bukovih štorih.,Listnati gozdovi,20-30,2-20,,,ne,GBIF (pojavljanje v Sloveniji) + strokovna literatura; ni terensko preverjeno
Hobotničasta mrežnica,Clathrus archeri,Neužitna,Jul – Okt,12 – 22 °C,,"Razkrajalka organskih ostankov; raste na zastirki, v parkih in na gozdnih robovih","Nevtralna, humusna tla","Mlado 'jajce' je podobno prašnici – prerez pokaže rdeče krake v želatini. Tujerodna, priseljena vrsta.",,,,Nižine in sredogorje,"Manj pogosta, a se širi.",Humusna tla in zastirka,20-30,12-22,,,ne,GBIF (pojavljanje v Sloveniji) + strokovna literatura; ni terensko preverjeno
Kijasti bunkar,Clavariadelphus pistillaris,Pogojno užitna,Avg – Okt,8 – 16 °C,Bukev,Mikoriza; v tleh v bukovih gozdovih na apnencu,Bazična apnenčasta tla,,,,,Sredogorje,"Manj pogost, značilen za apnenčasta bukovja.",Karbonatni masivi Golte in Menine,25-35,8-16,,,ne,GBIF (pojavljanje v Sloveniji) + strokovna literatura; ni terensko preverjeno
Heterobasidion annosum,Heterobasidion annosum,Neužitna,Celotno leto,2 – 20 °C,,"Razkraja les; trosnjak ob dnu debel in na koreninah iglavcev, pomemben gozdni patogen",Kisla tla,,,,,Vse višine,Pogost v smrekovih sestojih.,Kisla silikatna tla,20-30,2-20,,,ne,GBIF (pojavljanje v Sloveniji) + strokovna literatura; ni terensko preverjeno
Koničasta vlažnica,Hygrocybe conica,Neužitna,Avg – Nov,6 – 16 °C,,Razkrajalka travinja; raste na neognojenih travnikih in pašnikih,Nevtralna tla,Druge vlažnice – conica na dotik in s starostjo počrni.,,,,Gorske lege in planine,Pogosta na planinskih travnikih.,Planinski pašniki,20-30,6-16,,,ne,GBIF (pojavljanje v Sloveniji) + strokovna literatura; ni terensko preverjeno
Puhasta ploskocevka,Trametes pubescens,Neužitna,Celotno leto,2 – 20 °C,,Razkraja les; tanki beli trosnjaki na vejah listavcev,Nevtralna tla,,,,,Nižine in sredogorje,Pogosta na odmrlih vejah.,Listnati gozdovi,20-30,2-20,,,ne,GBIF (pojavljanje v Sloveniji) + strokovna literatura; ni terensko preverjeno
Navadna koprenka,Cortinarius trivialis,Neužitna,Avg – Okt,10 – 18 °C,"Vrba, topol, breza",Mikoriza; v tleh v vlažnih logih ob rekah,Vlažna tla,Smrtno strupene koprenke (Cortinarius orellanus) – rod koprenk vsebuje smrtno strupene vrste in ga ne nabiramo.,,,,Nižine in doline ob rekah,Pogosta v logih ob Savinji in Dreti.,Rečni logi in obrežja,25-35,10-18,,,ne,GBIF (pojavljanje v Sloveniji) + strokovna literatura; ni terensko preverjeno
Česnova nitka,Mycetinis alliaceus,Pogojno užitna,Avg – Nov,8 – 16 °C,,"Razkrajalka stelje; raste na odpadlem bukovem listju in vejicah, močan vonj po česnu",Nevtralna tla,,,,,Sredogorje,"Pogosta v bukovju, uporablja se kot dišava.",Bukova stelja,20-30,8-16,,,ne,GBIF (pojavljanje v Sloveniji) + strokovna literatura; ni terensko preverjeno
Travniška vitezovka,Marasmius oreades,Užitna,Maj – Nov,12 – 22 °C,,Razkrajalka travinja; raste v vrstah in čarovniških krogih na travnikih in ob poteh,Nevtralna tla,"Bela livka (Clitocybe dealbata) – smrtno nevarna in raste na istih travnikih. Vitezovka ima žilav bet in redke, široke lističe.",,,,Nižine in sredogorje,Zelo pogosta na travnikih po vsej dolini.,Travniki in gozdni robovi,15-25,12-22,,,ne,GBIF (pojavljanje v Sloveniji) + strokovna literatura; ni terensko preverjeno
Storžasti luskarin,Strobilomyces strobilaceus,Užitna,Jul – Okt,12 – 20 °C,"Bukev, hrast",Mikoriza; v tleh v listnatih in mešanih gozdovih,Kisla do nevtralna tla,"Nezamenljiv – črno kosmate luske na klobuku so značilne. Meso ob prerezu pordeči, nato počrni.",,,,Sredogorje,"Manj pogost, a značilen za bukovja doline.",Kisla in nevtralna tla,25-35,12-20,,,da,GBIF (pojavljanje v Sloveniji) + strokovna literatura; ni terensko preverjeno
Votlobetna lupljivka,Suillus cavipes,Užitna,Sep – Nov,6 – 14 °C,Izključno macesen,Mikoriza; v tleh pod macesni,Kisla do nevtralna tla,"Macesnova lupljivka (Suillus grevillei) – prav tako užitna; cavipes ima votel bet in suh, kosmat klobuk.",,,,Gorske lege,Pogosta pod macesni v višjih legah.,Gorska tla z macesnom,20-30,6-14,,,da,GBIF (pojavljanje v Sloveniji) + strokovna literatura; ni terensko preverjeno
Poljski dežnik,Macrolepiota excoriata,Užitna,Jul – Okt,12 – 20 °C,,Razkrajalka travinja; raste na travnikih in pašnikih,Nevtralna tla,"Strupena rdečeča dežnica (Chlorophyllum brunneum) in drobne marelice (Lepiota) – dežnikov z rdečečim mesom in tistih, manjših od dlani, ne nabiraj.",,,,Nižine in sredogorje,Pogost na travnikih.,Travniki in pašniki,20-30,12-20,,,ne,GBIF (pojavljanje v Sloveniji) + strokovna literatura; ni terensko preverjeno
Cystoderma amianthinum,Cystoderma amianthinum,Neužitna,Avg – Nov,6 – 16 °C,,Razkrajalka stelje; raste v mahu in iglicah,Kisla tla,,,,,Sredogorje in gorske lege,Pogosta v mahu smrekovih gozdov.,Kisla silikatna tla,20-30,6-16,,,ne,GBIF (pojavljanje v Sloveniji) + strokovna literatura; ni terensko preverjeno
Jetrasti ozobnik,Fistulina hepatica,Užitna,Avg – Okt,12 – 20 °C,,Razkraja les; mesnat rdeč trosnjak ob dnu starih hrastov in kostanjev,Kisla do nevtralna tla,Nezamenljiv – videz surovega mesa in rdeč sok sta značilna.,,,,Nižine in gričevje,"Manj pogost, vezan na stare hraste.",Hrastovi gozdovi,20-30,12-20,,,ne,GBIF (pojavljanje v Sloveniji) + strokovna literatura; ni terensko preverjeno
Hrastova labirintnica,Daedalea quercina,Neužitna,Celotno leto,2 – 20 °C,,"Razkraja les; trajni trosnjak na hrastovih štorih, s labirintastimi porami",Nevtralna tla,,,,,Nižine in gričevje,Pogosta na hrastovih štorih.,Hrastovi gozdovi,20-30,2-20,,,ne,GBIF (pojavljanje v Sloveniji) + strokovna literatura; ni terensko preverjeno
Polkrvava sirovka,Lactarius semisanguifluus,Užitna,Sep – Nov,8 – 16 °C,Bor,Mikoriza; v tleh pod bori,Kisla do bazična tla,"Užitna sirovka (Lactarius deliciosus) – prav tako užitna; semisanguifluus ima mleček, ki iz oranžnega prehaja v vinsko rdeč.",,,,Nižine in sredogorje,"Manj pogosta, vezana na borove sestoje.",Tla borovih sestojev,20-30,8-16,,,da,GBIF (pojavljanje v Sloveniji) + strokovna literatura; ni terensko preverjeno
Bela krhkotrosovka,Candolleomyces candolleanus,Neužitna,Maj – Okt,12 – 20 °C,,Razkraja les; raste v šopih ob štorih in zakopanem lesu listavcev,Nevtralna tla,"Robata smrtnica (Galerina marginata) – smrtno strupena, raste v podobnih šopih. Krhkotrosovk ne nabiramo.",,,,Nižine in sredogorje,Pogosta ob štorih in v parkih.,Vlažni gozdovi in parki,20-30,12-20,,,ne,GBIF (pojavljanje v Sloveniji) + strokovna literatura; ni terensko preverjeno
Bradavičasti dežnik,Macrolepiota mastoidea,Užitna,Avg – Okt,12 – 20 °C,,"Razkrajalka organskih ostankov; raste na gozdnih robovih, jasah in travnikih",Nevtralna tla,Strupena rdečeča dežnica (Chlorophyllum brunneum) – meso te ob prerezu pordeči. Drobnih marelic rodu Lepiota ne nabiraj.,,,,Nižine in sredogorje,Pogost na gozdnih robovih.,Gozdni robovi in jase,20-30,12-20,,,ne,GBIF (pojavljanje v Sloveniji) + strokovna literatura; ni terensko preverjeno
Gostolistna golobica,Russula densifolia,Neužitna,Jul – Okt,12 – 20 °C,"Bukev, smreka",Mikoriza; v tleh v listnatih in iglastih gozdovih,Kisla do nevtralna tla,"Črnikasta golobica (Russula nigricans) – densifolia ima gostejše lističe in meso, ki pordeči, nato počrni.",,,,Sredogorje,Pogosta.,Kisla in nevtralna tla,20-30,12-20,,,ne,GBIF (pojavljanje v Sloveniji) + strokovna literatura; ni terensko preverjeno
Koreninasti postavnež,Caloboletus radicans,Neužitna,Jul – Sep,16 – 24 °C,"Hrast, bukev",Mikoriza; v tleh v toplih listnatih gozdovih,Bazična apnenčasta tla,"Užitni gobani – radicans je izrazito grenek, z belkastim klobukom in modrečim mesom.",,,,Nižine in gričevje,"Manj pogost, na toplih apnenčastih legah.",Karbonatna tla toplih leg,20-30,16-24,,,ne,GBIF (pojavljanje v Sloveniji) + strokovna literatura; ni terensko preverjeno
Rakova golobica,Russula xerampelina,Užitna,Avg – Okt,10 – 18 °C,"Smreka, bor",Mikoriza; v tleh v iglastih gozdovih,Kisla tla,"Druge temne golobice – xerampelina zadiši po rakih ali morski hrani, zlasti ob starosti.",,,,Sredogorje in gorske lege,Pogosta v smrekovju.,Kisla silikatna tla,20-30,10-18,,,da,GBIF (pojavljanje v Sloveniji) + strokovna literatura; ni terensko preverjeno
Grebenasta koralovka,Clavulina coralloides,Pogojno užitna,Avg – Nov,8 – 16 °C,,Razkrajalka stelje; raste na gozdnih tleh ob poteh,Nevtralna tla,,,,,Vse višine,Pogosta ob gozdnih poteh.,Gozdna tla,20-30,8-16,,,ne,GBIF (pojavljanje v Sloveniji) + strokovna literatura; ni terensko preverjeno
Siva lupljivka,Suillus viscidus,Užitna,Sep – Nov,6 – 14 °C,Izključno macesen,Mikoriza; v tleh pod macesni,Bazična apnenčasta tla,Druge lupljivke – vse užitne; viscidus je sivkasto umazano bela.,,,,Gorske lege,"Manj pogosta, pod macesni.",Karbonatna tla z macesnom,20-30,6-14,,,ne,GBIF (pojavljanje v Sloveniji) + strokovna literatura; ni terensko preverjeno
Ožgana ploskocevka,Bjerkandera adusta,Neužitna,Celotno leto,2 – 20 °C,,Razkraja les; tanki trosnjaki s sivo črnim robom na štorih listavcev,Nevtralna tla,,,,,Nižine in sredogorje,Zelo pogosta na bukovih štorih.,Listnati gozdovi,20-30,2-20,,,ne,GBIF (pojavljanje v Sloveniji) + strokovna literatura; ni terensko preverjeno
Bridka golobica,Russula sardonia,Neužitna,Avg – Nov,8 – 16 °C,Bor,Mikoriza; v tleh pod bori,"Kisla, peščena tla","Užitne rdeče golobice – sardonia je izrazito pekoča, z rumenkastimi lističi.",,,,Nižine in sredogorje,Pogosta v borovih sestojih.,Kisla peščena tla,20-30,8-16,,,ne,GBIF (pojavljanje v Sloveniji) + strokovna literatura; ni terensko preverjeno
Rožnati slinar,Gomphidius roseus,Užitna,Sep – Nov,8 – 16 °C,Bor,"Mikoriza; v tleh pod bori, vedno ob kravji lupljivki","Kisla, peščena tla",Veliki slinar (Gomphidius glutinosus) – prav tako užiten.,,,,Nižine in sredogorje,"Redek, vezan na borove sestoje s kravjo lupljivko.",Kisla peščena tla borovij,20-30,8-16,,,ne,GBIF (pojavljanje v Sloveniji) + strokovna literatura; ni terensko preverjeno
Lyophyllum loricatum,Lyophyllum loricatum,Užitna,Avg – Nov,8 – 18 °C,,Razkrajalka organskih ostankov; raste v šopih ob poteh in na nasutjih,Nevtralna tla,"Strupene rdečelistke in koprenke, ki rastejo v šopih – loricatum ima hrustljav, trd klobuk in bel trosni prah.",,,,Nižine in sredogorje,Manj pogost.,Nasutja in gozdni robovi,20-30,8-18,,,ne,GBIF (pojavljanje v Sloveniji) + strokovna literatura; ni terensko preverjeno
Queletova golobica,Russula queletii,Neužitna,Avg – Okt,8 – 16 °C,Smreka,Mikoriza; v tleh v smrekovih gozdovih,Kisla tla,Užitne vijoličaste golobice – queletii je pekoča in diši po kompotu.,,,,Sredogorje in gorske lege,Pogosta v smrekovju.,Kisla silikatna tla,20-30,8-16,,,ne,GBIF (pojavljanje v Sloveniji) + strokovna literatura; ni terensko preverjeno
Friesova lisička,Cantharellus friesii,Užitna,Jul – Okt,10 – 18 °C,Bukev,"Mikoriza; v tleh v bukovih gozdovih, pogosto v mahu",Kisla do nevtralna tla,Navadna lisička (Cantharellus cibarius) – prav tako užitna; friesii je drobnejša in oranžnejša. Lažna lisička (Hygrophoropsis aurantiaca) ima prave lističe.,,,,Sredogorje,"Redka, drobna vrsta bukovij.",Kisla in nevtralna tla bukovij,25-35,10-18,,,ne,GBIF (pojavljanje v Sloveniji) + strokovna literatura; ni terensko preverjeno
Sajasta mlečnica,Lactarius fuliginosus,Pogojno užitna,Avg – Okt,10 – 18 °C,"Bukev, hrast",Mikoriza; v tleh v listnatih gozdovih,Nevtralna do bazična tla,"Črna mlečnica (Lactarius lignyotus) – prav tako pogojno užitna; fuliginosus ima žametno rjav klobuk in mleček, ki porozi.",,,,Sredogorje,Pogosta v bukovju.,Apnenčasta bukovja,20-30,10-18,,,ne,GBIF (pojavljanje v Sloveniji) + strokovna literatura; ni terensko preverjeno
Jelkova sirovka,Lactarius salmonicolor,Užitna,Sep – Nov,6 – 14 °C,Izključno jelka,Mikoriza; v tleh pod jelkami,Nevtralna do bazična tla,"Smrekova sirovka (Lactarius deterrimus) – prav tako užitna; salmonicolor ima lososovo oranžen mleček, ki ne pozeleni takoj.",,,,Sredogorje in gorske lege,Pogosta v jelovo-bukovih gozdovih doline.,Karbonatna tla jelovij,20-30,6-14,,,da,GBIF (pojavljanje v Sloveniji) + strokovna literatura; ni terensko preverjeno
Butyriboletus fechtneri,Butyriboletus fechtneri,Užitna,Jul – Sep,16 – 24 °C,"Bukev, hrast",Mikoriza; v tleh v toplih listnatih gozdovih na apnencu,Bazična apnenčasta tla,"Vražji goban (Rubroboletus satanas) – strupen, z rdečimi cevkami; fechtneri ima rumene cevke in srebrnkasto siv klobuk.",,,,Nižine in gričevje,"Redek, vezan na topla apnenčasta bukovja.",Karbonatna tla toplih leg,20-30,16-24,,,ne,GBIF (pojavljanje v Sloveniji) + strokovna literatura; ni terensko preverjeno
Betičasta livka,Ampulloclitocybe clavipes,Neužitna,Sep – Nov,6 – 14 °C,,Razkrajalka stelje; raste v listju in iglicah mešanih gozdov,Nevtralna tla,Užitne livke – clavipes ima odebeljen bet in v kombinaciji z alkoholom povzroča slabost.,,,,Vse višine,Pogosta pozno jeseni.,Gozdna tla,20-30,6-14,,,ne,GBIF (pojavljanje v Sloveniji) + strokovna literatura; ni terensko preverjeno
Bodičasti dežnik,Echinoderma asperum,Strupena,Avg – Okt,10 – 18 °C,,Razkrajalka organskih ostankov; raste v humusu listnatih gozdov in parkov,Bazična apnenčasta tla,Dežniki (Macrolepiota) – asperum je gosto pokrit s koničastimi luskami in neprijetno diši.,,,,Nižine in sredogorje,Manj pogost.,Humusna apnenčasta tla,20-30,10-18,,,ne,GBIF (pojavljanje v Sloveniji) + strokovna literatura; ni terensko preverjeno
Ljubka golobica,Russula amoena,Užitna,Jul – Okt,12 – 20 °C,"Bukev, hrast",Mikoriza; v tleh v listnatih gozdovih,Nevtralna tla,Druge vijoličaste golobice – amoena ima žametast klobuk in vonj po topinamburju.,,,,Nižine in sredogorje,Manj pogosta.,Nevtralna gozdna tla,20-30,12-20,,,ne,GBIF (pojavljanje v Sloveniji) + strokovna literatura; ni terensko preverjeno
Imperator rhodopurpureus,Imperator rhodopurpureus,Pogojno užitna,Jul – Sep,16 – 24 °C,"Bukev, hrast",Mikoriza; v tleh v toplih listnatih gozdovih na apnencu,Bazična apnenčasta tla,"Vražji goban (Rubroboletus satanas) – strupen. Gobanov z rdečimi cevkami, ki močno pomodrijo, brez izkušenj ne nabiraj.",,,,Nižine in gričevje,"Redek, na toplih apnenčastih legah.",Karbonatna tla toplih leg,20-30,16-24,,,ne,GBIF (pojavljanje v Sloveniji) + strokovna literatura; ni terensko preverjeno
Orjaška kolobarnica,Tricholoma colossus,Užitna,Sep – Okt,8 – 16 °C,Bor,Mikoriza; v tleh pod bori na peščenih tleh,"Kisla, peščena tla","Druge velike kolobarnice – colossus je mesnat in zelo velik, z rdečkasto rjavim klobukom.",,,,Sredogorje,Redka vrsta borovih sestojev.,Kisla peščena tla borovij,25-35,8-16,,,ne,GBIF (pojavljanje v Sloveniji) + strokovna literatura; ni terensko preverjeno
Vijoličastobetna golobica,Russula violeipes,Užitna,Jul – Okt,12 – 20 °C,"Bukev, hrast",Mikoriza; v tleh v listnatih gozdovih,Nevtralna tla,Druge blage golobice – violeipes ima vijoličasto nadahnjen bet in vonj po topinamburju.,,,,Nižine in sredogorje,Manj pogosta.,Nevtralna gozdna tla,20-30,12-20,,,ne,GBIF (pojavljanje v Sloveniji) + strokovna literatura; ni terensko preverjeno
Siva golobica,Russula grisea,Užitna,Jul – Okt,12 – 20 °C,Bukev,Mikoriza; v tleh v bukovih gozdovih,Nevtralna do bazična tla,Modrikasta golobica (Russula cyanoxantha) – prav tako užitna in zelo podobna.,,,,Sredogorje,Pogosta v bukovju.,Apnenčasta bukovja,20-30,12-20,,,ne,GBIF (pojavljanje v Sloveniji) + strokovna literatura; ni terensko preverjeno
Beli dežnik,Leucoagaricus leucothites,Pogojno užitna,Avg – Okt,12 – 20 °C,,"Razkrajalka travinja; raste na travnikih, ob poteh in v vrtovih",Nevtralna tla,Bele mušnice (Amanita virosa) in zelena mušnica – SMRTNO STRUPENE. Bele gobe s travnikov brez preverjanja ovoja ob dnu beta ne nabiraj.,,,,Nižine in sredogorje,Pogost na travnikih in ob poteh.,Travniki in gozdni robovi,20-30,12-20,,,ne,GBIF (pojavljanje v Sloveniji) + strokovna literatura; ni terensko preverjeno
Majska kolobarnica,Calocybe gambosa,Užitna,Apr – Jun,10 – 18 °C,,Razkrajalka travinja; raste v vrstah in krogih na travnikih in gozdnih robovih,Bazična apnenčasta tla,Velika rdečelistka (Entoloma sinuatum) – strupena in raste v istem času; gambosa ima bel trosni prah in močan vonj po moki.,,,,Nižine in sredogorje,Pogosta spomladi na apnenčastih travnikih.,Karbonatni travniki in robovi,20-30,10-18,,,ne,GBIF (pojavljanje v Sloveniji) + strokovna literatura; ni terensko preverjeno
Trdna polževka,Hygrophorus penarius,Užitna,Avg – Okt,10 – 18 °C,Bukev,Mikoriza; v tleh v bukovih gozdovih na apnencu,Bazična apnenčasta tla,Druge bele polževke – vse neškodljive; penarius je čvrsta in suha.,,,,Sredogorje,Manj pogosta.,Karbonatni masivi,25-35,10-18,,,ne,GBIF (pojavljanje v Sloveniji) + strokovna literatura; ni terensko preverjeno
Vodena krhkotrosovka,Psathyrella piluliformis,Neužitna,Avg – Nov,8 – 16 °C,,Razkraja les; raste v gostih šopih ob štorih listavcev,Nevtralna tla,"Robata smrtnica (Galerina marginata) – smrtno strupena, raste v podobnih šopih na lesu.",,,,Nižine in sredogorje,Pogosta na bukovih štorih.,Vlažni gozdovi,20-30,8-16,,,ne,GBIF (pojavljanje v Sloveniji) + strokovna literatura; ni terensko preverjeno
Sladkasta mlečnica,Lactarius subdulcis,Neužitna,Avg – Nov,8 – 16 °C,Bukev,Mikoriza; v tleh v bukovih gozdovih,Nevtralna do bazična tla,"Druge drobne rjave mlečnice – subdulcis ima bel, sprva blag mleček.",,,,Sredogorje,Zelo pogosta v bukovju.,Apnenčasta bukovja,20-30,8-16,,,ne,GBIF (pojavljanje v Sloveniji) + strokovna literatura; ni terensko preverjeno
Zlatorumena trepetlika,Tremella mesenterica,Užitna,Celotno leto,0 – 14 °C,,"Razkraja les; želatinast rumen trosnjak na odmrlih vejah listavcev, zajeda druge glive na lesu",Nevtralna tla,"Rumena rogljača (Calocera viscosa) – ta je čvrsta in razrasla, trepetlika mehko nagubana.",,,,Nižine in sredogorje,Pogosta pozimi na odmrlih vejah.,Listnati gozdovi,20-30,0-14,,,ne,GBIF (pojavljanje v Sloveniji) + strokovna literatura; ni terensko preverjeno
Luskasta mušnica,Amanita strobiliformis,Pogojno užitna,Jul – Sep,16 – 24 °C,"Hrast, lipa, bukev",Mikoriza; v tleh v toplih listnatih gozdovih in parkih,Bazična apnenčasta tla,Panterjeva mušnica (Amanita pantherina) – strupena. Mušnic brez zanesljive določitve ne nabiraj.,,,,Nižine in gričevje,"Redka, na toplih apnenčastih legah.",Karbonatna tla toplih leg,20-30,16-24,,,ne,GBIF (pojavljanje v Sloveniji) + strokovna literatura; ni terensko preverjeno
Zraščena livka,Leucocybe connata,Pogojno užitna,Sep – Nov,6 – 14 °C,,Razkrajalka organskih ostankov; raste v gostih zraščenih šopih ob poteh in gozdnih robovih,Nevtralna tla,Bele livke (Clitocybe) in mladi dežniki – connata raste v izrazito zraščenih šopih.,,,,Nižine in sredogorje,Manj pogosta.,Gozdni robovi in poti,20-30,6-14,,,ne,GBIF (pojavljanje v Sloveniji) + strokovna literatura; ni terensko preverjeno
Progasta kolobarnica,Tricholoma virgatum,Neužitna,Sep – Nov,6 – 14 °C,"Smreka, bukev",Mikoriza; v tleh v iglastih in mešanih gozdovih,Kisla tla,"Zimska kolobarnica (Tricholoma portentosum) – užitna; virgatum je izrazito pekoča, s koničasto grbo na klobuku.",,,,Sredogorje in gorske lege,Pogosta v smrekovju.,Kisla silikatna tla,20-30,6-14,,,ne,GBIF (pojavljanje v Sloveniji) + strokovna literatura; ni terensko preverjeno
Clitocybe fasciculata,Clitocybe fasciculata,Strupena,Sep – Nov,8 – 16 °C,,Razkrajalka travinja; raste v šopih na travnikih in ob poteh,Nevtralna tla,Travniška vitezovka (Marasmius oreades) – bele livke s travnikov vsebujejo muskarin in so nevarne.,,,,Nižine in sredogorje,Manj pogosta.,Travniki in poti,20-30,8-16,,,ne,GBIF (pojavljanje v Sloveniji) + strokovna literatura; ni terensko preverjeno
Cestni kukmak,Agaricus bitorquis,Užitna,Maj – Okt,14 – 22 °C,,"Razkrajalka organskih ostankov; raste ob poteh, na nasutjih in v urbanem okolju",Nevtralna tla,Karbolni kukmak (Agaricus xanthodermus) – ta ob dnu beta porumeni in diši po karbolu. Bele mušnice imajo ovoj ob dnu beta.,,,,Nižine in doline,Pogost ob poteh in nasutjih.,Nasutja in urbani robovi,20-30,14-22,,,ne,GBIF (pojavljanje v Sloveniji) + strokovna literatura; ni terensko preverjeno
Škrlatna vlažnica,Hygrocybe punicea,Pogojno užitna,Sep – Nov,4 – 14 °C,,Razkrajalka travinja; raste na neognojenih planinskih travnikih,Nevtralna tla,Druge rdeče vlažnice – punicea je največja med njimi. Vlažnice so kazalke ohranjenih travnikov; puščaj jih rasti.,,,,Gorske lege in planine,"Redka, kazalka ohranjenih travnikov.",Planinski pašniki,20-30,4-14,,,ne,GBIF (pojavljanje v Sloveniji) + strokovna literatura; ni terensko preverjeno
Zlatozobata polževka,Hygrophorus chrysodon,Užitna,Sep – Nov,6 – 14 °C,"Bukev, smreka",Mikoriza; v tleh v mešanih gozdovih na apnencu,Bazična apnenčasta tla,Druge bele polževke – chrysodon ima zlatorumene zrnate pike na robu klobuka.,,,,Sredogorje,Manj pogosta.,Karbonatni masivi,25-35,6-14,,,ne,GBIF (pojavljanje v Sloveniji) + strokovna literatura; ni terensko preverjeno
Smolnata mlečnica,Lactarius picinus,Neužitna,Avg – Okt,8 – 16 °C,"Smreka, jelka",Mikoriza; v tleh v gorskih iglastih gozdovih,Kisla do nevtralna tla,Črna mlečnica (Lactarius lignyotus) – picinus ima žametno črnorjav klobuk brez nagubanega roba.,,,,Gorske lege,"Manj pogosta, v gorskem smrekovju.",Gorska iglasta tla,25-35,8-16,,,ne,GBIF (pojavljanje v Sloveniji) + strokovna literatura; ni terensko preverjeno
Polkrvava koprenka,Cortinarius semisanguineus,Strupena,Avg – Okt,8 – 16 °C,"Smreka, bor","Mikoriza; v tleh v iglastih gozdovih, v mahu",Kisla tla,Krvavordeča koprenka (Cortinarius sanguineus) – rod koprenk vsebuje smrtno strupene vrste in ga ne nabiramo.,,,,Sredogorje in gorske lege,Pogosta v smrekovju.,Kisla silikatna tla,20-30,8-16,,,ne,GBIF (pojavljanje v Sloveniji) + strokovna literatura; ni terensko preverjeno
Kolobarjasta mlečnica,Lactarius zonarius,Neužitna,Avg – Okt,12 – 20 °C,"Hrast, gaber",Mikoriza; v tleh v toplih listnatih gozdovih,Bazična apnenčasta tla,"Užitne sirovke – zonarius ima bel, pekoč mleček in kolobarjast klobuk.",,,,Nižine in gričevje,Manj pogosta.,Karbonatna tla toplih leg,20-30,12-20,,,ne,GBIF (pojavljanje v Sloveniji) + strokovna literatura; ni terensko preverjeno
Vlažna mlečnica,Lactarius uvidus,Neužitna,Avg – Okt,8 – 16 °C,"Breza, vrba, smreka",Mikoriza; v tleh v vlažnih gozdovih in logih,Vlažna tla,"Druge sivkaste mlečnice – uvidus ima bel mleček, ki na mesu pusti vijoličasto liso.",,,,Nižine in doline ob rekah,"Manj pogosta, v vlažnih legah.",Rečni logi in vlažne terase,25-35,8-16,,,ne,GBIF (pojavljanje v Sloveniji) + strokovna literatura; ni terensko preverjeno
Zimski luknjičar,Polyporus brumalis,Neužitna,Okt – Apr,0 – 12 °C,,"Razkraja les; trosnjak na odmrlih vejah listavcev, pozimi in zgodaj spomladi",Nevtralna tla,,,,,Nižine in sredogorje,Pogost pozimi na odmrlih vejah.,Listnati gozdovi,20-30,0-12,,,ne,GBIF (pojavljanje v Sloveniji) + strokovna literatura; ni terensko preverjeno
Ramaria fennica,Ramaria fennica,Neužitna,Avg – Okt,8 – 16 °C,"Bukev, smreka",Mikoriza; v tleh v gorskih gozdovih,Nevtralna do bazična tla,Rumena griva (Ramaria flava) – fennica je vijoličasto sivkasta in grenka. Ločevanje griv je zahtevno.,,,,Gorske lege,Manj pogosta.,Gorska gozdna tla,25-35,8-16,,,ne,GBIF (pojavljanje v Sloveniji) + strokovna literatura; ni terensko preverjeno
Borov luknjičar,Phaeolus schweinitzii,Neužitna,Jul – Okt,10 – 20 °C,,"Razkraja les; velik rjav trosnjak ob dnu borov in smrek, na koreninah",Kisla tla,,,,,Vse višine,Pogost ob starih iglavcih.,Kisla silikatna tla,20-30,10-20,,,ne,GBIF (pojavljanje v Sloveniji) + strokovna literatura; ni terensko preverjeno
Gabrova mlečnica,Lactarius circellatus,Neužitna,Avg – Okt,10 – 18 °C,Izključno gaber,Mikoriza; v tleh pod gabri,Nevtralna do bazična tla,Sluzasta mlečnica (Lactarius blennius) – ta raste pod bukvijo; circellatus je vezana na gaber.,,,,Nižine in gričevje,"Pogosta povsod, kjer je gaber.",Nevtralna tla z gabrom,20-30,10-18,,,ne,GBIF (pojavljanje v Sloveniji) + strokovna literatura; ni terensko preverjeno
Bradavičasta pokovka,Scleroderma verrucosum,Strupena,Jul – Okt,14 – 22 °C,"Hrast, breza",Mikoriza; v tleh na peščenih in revnih tleh,"Kisla, peščena tla","Mlade prašnice – pokovka ima trdo lupino in temno notranjost. Prerez pokovke je črnovijoličast, prašnice bel.",,,,Nižine in sredogorje,Pogosta na kislih peščenih tleh.,Kisla peščena tla,20-30,14-22,,,ne,GBIF (pojavljanje v Sloveniji) + strokovna literatura; ni terensko preverjeno
Rdečkasta polževka,Hygrophorus erubescens,Pogojno užitna,Sep – Nov,6 – 14 °C,Smreka,Mikoriza; v tleh v gorskih smrekovih gozdovih,Kisla do nevtralna tla,"Medena polževka (Hygrophorus russula) – erubescens ima rdečkaste lise, ki porumenijo, in grenkoben okus.",,,,Gorske lege,Manj pogosta.,Gorska iglasta tla,25-35,6-14,,,ne,GBIF (pojavljanje v Sloveniji) + strokovna literatura; ni terensko preverjeno
Runjava marelica,Lepiota clypeolaria,Strupena,Avg – Okt,10 – 18 °C,,Razkrajalka organskih ostankov; raste v humusu listnatih in mešanih gozdov,Nevtralna tla,Mladi dežniki (Macrolepiota) – marelice rodu Lepiota vsebujejo smrtno nevarne amatoksine. Drobnih dežnikom podobnih gob ne nabiraj.,,,,Nižine in sredogorje,Pogosta v gozdnem humusu.,Humusna gozdna tla,20-30,10-18,,,ne,GBIF (pojavljanje v Sloveniji) + strokovna literatura; ni terensko preverjeno
Amanita battarrae,Amanita battarrae,Pogojno užitna,Avg – Okt,10 – 18 °C,"Smreka, bukev, breza",Mikoriza; v tleh v mešanih in iglastih gozdovih,Kisla tla,"Zelena mušnica (Amanita phalloides) – SMRTNO STRUPENA. Lupinarice nimajo obročka, a jih od mladih smrtno strupenih mušnic loči le izkušeno oko.",,,,Sredogorje in gorske lege,Manj pogosta.,Kisla silikatna tla,20-30,10-18,,,ne,GBIF (pojavljanje v Sloveniji) + strokovna literatura; ni terensko preverjeno
Cantharellus ianthinoxanthus,Cantharellus ianthinoxanthus,Užitna,Avg – Okt,10 – 18 °C,Bukev,Mikoriza; v tleh v bukovih gozdovih,Nevtralna do bazična tla,Navadna lisička (Cantharellus cibarius) – prav tako užitna; ianthinoxanthus ima vijoličasto nadahnjene gube.,,,,Sredogorje,Redka vrsta bukovij.,Apnenčasta bukovja,25-35,10-18,,,ne,GBIF (pojavljanje v Sloveniji) + strokovna literatura; ni terensko preverjeno
Nenavadna koprenka,Cortinarius anomalus,Neužitna,Avg – Okt,8 – 16 °C,"Breza, smreka, bukev",Mikoriza; v tleh v mešanih gozdovih,Kisla do nevtralna tla,Smrtno strupene koprenke (Cortinarius orellanus) – rod koprenk vsebuje smrtno strupene vrste in ga ne nabiramo.,,,,Vse višine,Pogosta v mešanih gozdovih.,Kisla in nevtralna tla,20-30,8-16,,,ne,GBIF (pojavljanje v Sloveniji) + strokovna literatura; ni terensko preverjeno
