model,issued_at,valid_at,lead_days,n_members,tmax_p10,tmax_p50,tmax_p90,tmax_mean,tmin_p10,tmin_p50,tmin_p90,tmin_mean,precip_mean,p_wet,p_frost
ecmwf_ifs025,2026-10-06,2026-10-07,1,51,19.7,20.2,20.5,20.1,8.2,8.7,9.3,8.7,0.1,0.196,0.0
ecmwf_ifs025,2026-10-06,2026-10-08,2,51,17.0,18.4,19.6,18.3,11.0,12.5,13.4,12.4,14.7,1.0,0.0
ecmwf_ifs025,2026-10-06,2026-10-09,3,51,13.5,14.5,16.5,14.9,7.0,10.2,12.2,9.7,9.1,0.961,0.0
ecmwf_ifs025,2026-10-06,2026-10-10,4,51,12.7,16.1,17.7,15.8,5.4,7.8,11.6,8.2,3.4,0.431,0.0
ecmwf_ifs025,2026-10-06,2026-10-11,5,51,12.8,16.4,18.4,15.9,5.8,6.9,10.3,7.6,7.3,0.745,0.0
ecmwf_ifs025,2026-10-06,2026-10-12,6,51,13.3,15.0,17.8,15.3,4.2,7.4,8.8,7.1,2.8,0.451,0.0
ecmwf_ifs025,2026-10-06,2026-10-13,7,51,13.8,16.2,20.0,16.6,3.7,6.2,9.7,6.4,0.1,0.078,0.0
gfs025,2026-10-06,2026-10-07,1,31,18.8,20.4,20.8,20.2,9.0,9.3,10.2,9.5,0.1,0.226,0.0
gfs025,2026-10-06,2026-10-08,2,31,18.0,19.0,19.7,18.9,10.7,12.2,12.5,11.9,15.6,1.0,0.0
gfs025,2026-10-06,2026-10-09,3,31,11.1,13.3,14.8,13.1,6.0,7.0,9.6,7.3,12.3,1.0,0.0
gfs025,2026-10-06,2026-10-10,4,31,14.4,16.9,18.1,16.6,5.1,6.5,8.5,6.6,0.1,0.065,0.0
gfs025,2026-10-06,2026-10-11,5,31,11.5,17.3,18.4,15.9,6.3,7.6,8.7,7.6,1.3,0.29,0.0
gfs025,2026-10-06,2026-10-12,6,31,9.8,14.0,17.4,13.9,5.2,7.0,8.7,6.9,4.4,0.645,0.0
gfs025,2026-10-06,2026-10-13,7,31,13.3,14.5,17.2,14.9,3.5,5.1,7.7,5.3,1.2,0.226,0.0
icon_seamless,2026-10-06,2026-10-07,1,40,21.4,21.6,22.4,21.8,8.3,9.4,10.7,9.4,0.0,0.0,0.0
icon_seamless,2026-10-06,2026-10-08,2,40,19.4,20.4,21.3,20.4,11.1,12.9,13.9,12.7,7.8,0.9,0.0
icon_seamless,2026-10-06,2026-10-09,3,40,14.1,14.9,15.9,14.9,7.0,8.2,9.6,8.4,5.4,0.825,0.0
icon_seamless,2026-10-06,2026-10-10,4,40,14.6,16.8,18.8,16.9,4.8,7.0,9.3,6.9,0.5,0.25,0.0
icon_seamless,2026-10-06,2026-10-11,5,40,12.3,15.2,17.4,15.1,7.6,8.7,10.8,8.9,5.3,0.825,0.0
icon_seamless,2026-10-06,2026-10-12,6,40,12.1,14.2,17.3,14.6,5.9,7.5,10.3,7.8,3.5,0.625,0.0
